a’Maurice Cellars,http://wallawallawine.com/listing/amaurice-cellars/
Abeja,http://wallawallawine.com/listing/abeja/
Adamant Cellars,http://wallawallawine.com/listing/adamant-cellars/
Amavi,http://wallawallawine.com/listing/amavi/
Ash Hollow Winery,http://wallawallawine.com/listing/ash-hollow-winery/
Balboa Winery,http://wallawallawine.com/listing/balboa-winery/
Basel Cellars Estate Winery,http://wallawallawine.com/listing/basel-cellars-estate-winery/
Beresan Winery,http://wallawallawine.com/listing/beresan-winery/
Bergevin Lane Vineyards,http://wallawallawine.com/listing/bergevin-lane-vineyards/
Bunchgrass Winery,http://wallawallawine.com/listing/bunchgrass-winery/
Buty Winery,http://wallawallawine.com/listing/buty-winery/
Cadaretta,http://wallawallawine.com/listing/cadaretta/
Castillo de Feliciana,http://wallawallawine.com/listing/castillo-de-feliciana/
Cayuse Vineyards,http://wallawallawine.com/listing/cayuse-vineyards/
College Cellars,http://wallawallawine.com/listing/college-cellars-empty/
Corliss Estates,http://wallawallawine.com/listing/corliss-estates/
Corvus Cellars,http://wallawallawine.com/listing/corvus-cellars/
Cougar Crest Estate Winery,http://wallawallawine.com/listing/cougar-crest-estate-winery-empty/
DaMa Wines,http://wallawallawine.com/listing/dama-wines/
Doubleback,http://wallawallawine.com/listing/doubleback/
Dunham Cellars,http://wallawallawine.com/listing/dunham-cellars/
Dusted Valley Vintners,http://wallawallawine.com/listing/dusted-valley-vintners/
Echo Ridge Cellars,http://wallawallawine.com/listing/echo-ridge-cellars/
Elegante’ Cellars,http://wallawallawine.com/listing/elegante-cellars/
Ensemble Cellars,http://wallawallawine.com/listing/ensemble-cellars/
FIGGINS,http://wallawallawine.com/listing/figgins/
Five Star Cellars,http://wallawallawine.com/listing/five-star-cellars/
Fjellene Cellars,http://wallawallawine.com/listing/fjellene-cellars/
Fort Walla Walla Cellars,http://wallawallawine.com/listing/fort-walla-walla-cellars/
Foundry Vineyards,http://wallawallawine.com/listing/foundry-vineyards/
Garrison Creek Cellars,http://wallawallawine.com/listing/garrison-creek-cellars/
Gifford Hirlinger,http://wallawallawine.com/listing/gifford-hirlinger/
Glencorrie Winery,http://wallawallawine.com/listing/glencorrie-winery/
Gramercy Cellars,http://wallawallawine.com/listing/gramercy-cellars/
Grantwood Winery,http://wallawallawine.com/listing/grantwood-winery/
Isenhower Cellars,http://wallawallawine.com/listing/isenhower-cellars/
Kerloo Cellars,http://wallawallawine.com/listing/kerloo-cellars/
Kontos Cellars,http://wallawallawine.com/listing/kontos-cellars/
L’Ecole Nº 41,http://wallawallawine.com/listing/lecole-n%c2%ba-41/
Leonetti Cellar,http://wallawallawine.com/listing/leonetti-cellar/
Long Shadows Vintners,http://wallawallawine.com/listing/long-shadows-vintners/
Mackey Vineyards,http://wallawallawine.com/listing/mackey-vineyards/
Mannina Cellars,http://wallawallawine.com/listing/mannina-cellars/
Morrison Lane,http://wallawallawine.com/listing/morrison-lane/
Northstar Winery,http://wallawallawine.com/listing/northstar-winery/
Otis Kenyon Wine,http://wallawallawine.com/listing/otis-kenyon-wine/
Pepper Bridge Winery,http://wallawallawine.com/listing/pepper-bridge-winery/
Rasa Vineyards,http://wallawallawine.com/listing/rasa-vineyards/
REININGER Winery,http://wallawallawine.com/listing/reininger-winery/
Reynvaan Family Vineyards,http://wallawallawine.com/listing/reynvaan-family-vineyards/
Saviah Cellars,http://wallawallawine.com/listing/saviah-cellars/
Seven Hills Winery,http://wallawallawine.com/listing/seven-hills-winery/
Sinclair Estate Vineyards,http://wallawallawine.com/listing/sinclair-estate-vineyards/
Skylite Cellars,http://wallawallawine.com/listing/skylite-cellars/
Sleight of Hand Cellars,http://wallawallawine.com/listing/sleight-of-hand-cellars/
Spofford Station Vineyards,http://wallawallawine.com/listing/spofford-station-vineyards/
Spring Valley Vineyard,http://wallawallawine.com/listing/spring-valley-vineyard/
Tamarack Cellars,http://wallawallawine.com/listing/tamarack-cellars/
Tempus Cellars,http://wallawallawine.com/listing/tempus-cellars/
Tero Estates Flying Trout Wines,http://wallawallawine.com/listing/tero-estates-flying-trout-wines/
Tertulia Cellars,http://wallawallawine.com/listing/tertulia-cellars/
Three Rivers Winery,http://wallawallawine.com/listing/three-rivers-winery/
Tranche Cellars,http://wallawallawine.com/listing/tranche-cellars/
Trio Vintners,http://wallawallawine.com/listing/trio-vintners/
Trust Cellars,http://wallawallawine.com/listing/trust-cellars/
Va Piano Vineyards,http://wallawallawine.com/listing/va-piano-vineyards-2/
Walla Walla Vintners,http://wallawallawine.com/listing/walla-walla-vintners/
Waterbrook Winery,http://wallawallawine.com/listing/waterbrook-winery/
Watermill Winery,http://wallawallawine.com/listing/watermill-winery/
Woodward Canyon Winery,http://wallawallawine.com/listing/woodward-canyon-winery/
Zerba Cellars,http://wallawallawine.com/listing/zerba-cellars/
